averageDensity,averageTotalMS,averageChecks,averageChecksPerBoid,mapSize,leafCapacityOrCellSize,searchAlgo
0,0.26677385,0,0,50,2,UNIFORMGRID
30.6377411,5.46819162,103428.625,103.4287,50,5,UNIFORMGRID
33.5593948,12.223362,277055.2,277.0551,50,10,UNIFORMGRID
38.8630028,19.9333057,483324.125,483.324158,50,15,UNIFORMGRID
43.8549,34.5204964,883388.5,883.3884,50,25,UNIFORMGRID
38.9288368,49.6577377,1312988.13,1312.988,50,50,UNIFORMGRID
28.9350758,37.99589,999000,999,50,75,UNIFORMGRID
30.2403469,38.0155525,999000,999,50,150,UNIFORMGRID
28.0955563,37.9797478,999000,999,50,300,UNIFORMGRID
38.30991,38.2880821,999000,999,50,500,UNIFORMGRID
31.2678719,38.0800552,999000,999,50,1000,UNIFORMGRID
25.3396263,38.6385231,33027.84,33.0278435,50,1,QUADTREE
24.2192135,27.8660011,34323.7266,34.3237343,50,2,QUADTREE
28.4572124,21.8578548,44265.4961,44.2655,50,4,QUADTREE
23.26762,13.731967,44460.6,44.46061,50,8,QUADTREE
25.0376968,11.54584,56856.08,56.85608,50,16,QUADTREE
23.5959015,9.498457,70227.97,70.22795,50,32,QUADTREE
26.09347,9.752346,98161.3359,98.16134,50,64,QUADTREE
23.5961151,9.638237,129515.711,129.515747,50,128,QUADTREE
29.0676174,12.6565294,210479.219,210.479187,50,256,QUADTREE
23.940979,14.185276,275249.125,275.248962,50,512,QUADTREE
21.1210232,33.0986977,771182.563,771.1823,50,1024,QUADTREE
3.40344834,0.9417732,10315.1982,10.3152018,100,2,UNIFORMGRID
10.4537172,2.18742013,32325.3066,32.3253021,100,5,UNIFORMGRID
13.523428,5.74435854,121772.367,121.772346,100,10,UNIFORMGRID
14.7694654,10.1682682,240172.422,240.172318,100,15,UNIFORMGRID
17.1124573,20.9719276,540652.1,540.651855,100,25,UNIFORMGRID
16.4089031,31.7709179,842493.2,842.493347,100,50,UNIFORMGRID
14.7052765,37.34068,999000,999,100,75,UNIFORMGRID
18.3697224,37.3470078,999000,999,100,150,UNIFORMGRID
18.20412,37.3961029,999000,999,100,300,UNIFORMGRID
15.3476,37.2942924,999000,999,100,500,UNIFORMGRID
18.3019218,37.4419,999000,999,100,1000,UNIFORMGRID
13.7742577,27.3435688,20266.3086,20.2663078,100,1,QUADTREE
13.4786673,20.2977676,22168.2988,22.1682987,100,2,QUADTREE
12.8015814,14.810503,25307.9668,25.307972,100,4,QUADTREE
14.1406593,12.2263994,33024.55,33.0245552,100,8,QUADTREE
12.3984127,9.007928,38789.3242,38.7893257,100,16,QUADTREE
11.2410851,7.743291,51362.2266,51.36224,100,32,QUADTREE
10.9318533,7.57306576,73555.4141,73.55539,100,64,QUADTREE
14.1050272,8.955491,118407.094,118.407066,100,128,QUADTREE
12.6999588,11.2987423,200543.844,200.543869,100,256,QUADTREE
13.25004,16.2543526,342006.031,342.006042,100,512,QUADTREE
13.0238075,38.04697,914424.438,914.4244,100,1024,QUADTREE
2.53645468,0.827645063,8550.277,8.550274,150,2,UNIFORMGRID
7.77122259,1.77643788,21416.5117,21.4165115,150,5,UNIFORMGRID
8.423866,3.65380049,71167.37,71.16737,150,10,UNIFORMGRID
7.59413671,5.42670536,121183.664,121.183617,150,15,UNIFORMGRID
7.896045,11.7260838,297815.9,297.8158,150,25,UNIFORMGRID
7.97317362,26.7522526,717005.438,717.0056,150,50,UNIFORMGRID
8.484575,34.324482,927924.6,927.9245,150,75,UNIFORMGRID
8.964635,46.475956,1268606.88,1268.607,150,150,UNIFORMGRID
9.79892,36.8675041,999000,999,150,300,UNIFORMGRID
9.1099205,36.8234444,999000,999,150,500,UNIFORMGRID
9.448198,36.84206,999000,999,150,1000,UNIFORMGRID
10.0534334,23.21104,15741.1191,15.7411232,150,1,QUADTREE
7.935453,15.9208574,14522.2891,14.5222874,150,2,QUADTREE
7.51916456,11.715188,16897.6836,16.8976822,150,4,QUADTREE
7.47787,9.478463,20921.209,20.92121,150,8,QUADTREE
7.20767355,7.541655,28716.6426,28.71664,150,16,QUADTREE
7.934496,6.983786,42612.6836,42.6126747,150,32,QUADTREE
7.37741041,6.862499,63936.5234,63.9365234,150,64,QUADTREE
7.80486536,7.667714,102138.828,102.138832,150,128,QUADTREE
8.11879349,11.3462029,214050.188,214.050339,150,256,QUADTREE
8.51064,13.8765507,285434,285.434174,150,512,QUADTREE
8.245274,40.0019569,966328.1,966.3282,150,1024,QUADTREE
2.51212072,0.9334795,7780.815,7.780813,200,2,UNIFORMGRID
4.880162,1.3477608,15329.5947,15.3295956,200,5,UNIFORMGRID
5.39149332,2.325565,37668.4453,37.6684456,200,10,UNIFORMGRID
5.493986,3.172104,61706.74,61.7067337,200,15,UNIFORMGRID
5.538836,6.591663,157380.844,157.3808,200,25,UNIFORMGRID
5.232496,15.9968119,420820.969,420.820984,200,50,UNIFORMGRID
5.59794426,30.4074821,820263.4,820.263245,200,75,UNIFORMGRID
5.84729242,36.7961769,999000,999,200,150,UNIFORMGRID
6.38485527,36.69619,999000,999,200,300,UNIFORMGRID
6.034062,36.8344841,999000,999,200,500,UNIFORMGRID
6.173153,36.7462769,999000,999,200,1000,UNIFORMGRID
6.72077227,18.05296,10950.0488,10.95005,200,1,QUADTREE
5.52559566,13.0520372,10536.2158,10.5362139,200,2,QUADTREE
5.53938627,10.2832642,12828.3359,12.8283358,200,4,QUADTREE
5.165814,7.92530775,15894.0918,15.8940926,200,8,QUADTREE
6.077907,7.097374,24361.2715,24.3612785,200,16,QUADTREE
5.907482,6.382067,36187.06,36.18707,200,32,QUADTREE
5.89397573,6.413127,61117.3555,61.1173477,200,64,QUADTREE
5.255102,6.61846733,85441.75,85.4417648,200,128,QUADTREE
5.32578468,10.7053947,205306.328,205.306229,200,256,QUADTREE
5.965698,13.8443718,291566.7,291.566681,200,512,QUADTREE
6.218227,40.0420952,969911.938,969.912,200,1024,QUADTREE
1.74903953,0.795496762,6895.33154,6.89533138,250,2,UNIFORMGRID
4.45811129,1.2474165,13100.6973,13.1007023,250,5,UNIFORMGRID
4.61831951,1.904463,27492.1641,27.4921589,250,10,UNIFORMGRID
4.485339,2.53042459,45062.6055,45.0626,250,15,UNIFORMGRID
4.36468363,4.17552137,91203.12,91.2031,250,25,UNIFORMGRID
4.4300046,11.7718058,304172.1,304.17218,250,50,UNIFORMGRID
4.524412,23.1184978,618437.063,618.4369,250,75,UNIFORMGRID
4.145933,36.748188,999000,999,250,150,UNIFORMGRID
4.31888151,43.9559746,1199958.88,1199.9585,250,300,UNIFORMGRID
4.754786,36.6293678,999000,999,250,500,UNIFORMGRID
4.542341,36.6770363,999000,999,250,1000,UNIFORMGRID
4.217072,14.0439653,7140.481,7.140479,250,1,QUADTREE
4.15813,11.3010645,8032.94775,8.032947,250,2,QUADTREE
4.250797,9.229073,9971.651,9.971652,250,4,QUADTREE
4.35733747,7.33804035,13269.9766,13.2699738,250,8,QUADTREE
4.18430042,6.01056862,18277.56,18.2775631,250,16,QUADTREE
4.353917,5.55738735,29459.56,29.4595623,250,32,QUADTREE
4.23369741,5.64911652,49483.2266,49.4832268,250,64,QUADTREE
3.90395713,6.32925463,84260.21,84.2601852,250,128,QUADTREE
4.203961,9.67608,181240.563,181.240463,250,256,QUADTREE
4.35124,12.7763729,270190.875,270.1909,250,512,QUADTREE
4.274463,40.13154,972916.8,972.917053,250,1024,QUADTREE
1.26598871,0.7613396,6158.05029,6.158052,300,2,UNIFORMGRID
3.5111382,1.091008,10907.8828,10.9078817,300,5,UNIFORMGRID
3.52454376,1.52439082,18895.8281,18.895834,300,10,UNIFORMGRID
3.62351656,1.966035,30692.1875,30.6921825,300,15,UNIFORMGRID
3.56903815,3.08794284,62299.9727,62.29998,300,25,UNIFORMGRID
3.48682046,8.313046,207939.969,207.939972,300,50,UNIFORMGRID
3.58925152,15.3111629,403556.9,403.556915,300,75,UNIFORMGRID
3.57955265,32.84668,892057.3,892.057,300,150,UNIFORMGRID
3.69270182,45.0637436,1234890.63,1234.8905,300,300,UNIFORMGRID
3.95123935,36.5432549,999000,999,300,500,UNIFORMGRID
3.791768,36.5748329,999000,999,300,1000,UNIFORMGRID
3.643274,13.0759068,6183.806,6.18380642,300,1,QUADTREE
3.410598,10.27899,6544.25635,6.54425526,300,2,QUADTREE
3.545999,8.303874,8257.883,8.257883,300,4,QUADTREE
3.36513042,6.69385052,10622.9375,10.6229334,300,8,QUADTREE
3.46886659,5.609884,16444.1914,16.444191,300,16,QUADTREE
3.64525723,5.2329464,26925.8555,26.925848,300,32,QUADTREE
3.48297882,5.475636,52054.22,52.0542145,300,64,QUADTREE
3.441741,6.040927,78727.88,78.72788,300,128,QUADTREE
3.52809954,8.737736,156735.469,156.735428,300,256,QUADTREE
3.673749,12.9455118,273602.969,273.602966,300,512,QUADTREE
3.67283416,40.41928,982992,982.991943,300,1024,QUADTREE
0.992728531,0.7933879,5583.378,5.583375,350,2,UNIFORMGRID
3.26972914,1.12525916,10005.7158,10.0057135,350,5,UNIFORMGRID
3.155124,1.37546778,15411.8516,15.4118528,350,10,UNIFORMGRID
3.05057025,1.65835953,22765.7988,22.765789,350,15,UNIFORMGRID
2.98277926,2.490602,45302.12,45.3021431,350,25,UNIFORMGRID
3.09266663,6.60196924,160321.109,160.321075,350,50,UNIFORMGRID
2.97219753,12.1801,315096.656,315.09668,350,75,UNIFORMGRID
3.121763,27.45996,739991.9,739.9916,350,150,UNIFORMGRID
3.10547781,36.74195,999000,999,350,300,UNIFORMGRID
3.18988252,36.6735535,998999.938,999,350,500,UNIFORMGRID
3.16937757,36.6553955,998999.938,999,350,1000,UNIFORMGRID
2.97705054,11.5398693,4946.957,4.946958,350,1,QUADTREE
2.9004755,9.682677,5491.64941,5.49164867,350,2,QUADTREE
2.83915782,7.58419657,6650.46045,6.650458,350,4,QUADTREE
2.82841825,6.23490334,9270.176,9.270177,350,8,QUADTREE
3.03277087,5.40667343,14960.38,14.96038,350,16,QUADTREE
2.92133379,4.911595,22899.9824,22.89997,350,32,QUADTREE
2.93242979,5.1788516,45324.3164,45.3243065,350,64,QUADTREE
2.93179321,5.81045628,74085.25,74.08526,350,128,QUADTREE
3.04227757,10.6281891,210780.922,210.781036,350,256,QUADTREE
2.94339418,12.3317966,260001.109,260.00116,350,512,QUADTREE
3.05292845,40.2165146,976786.9,976.7869,350,1024,QUADTREE
0.496444345,0.6495109,3861.24731,3.86124754,400,2,UNIFORMGRID
2.75714159,1.0745604,8899.395,8.899395,400,5,UNIFORMGRID
2.6425333,1.24646521,13144.4092,13.1444092,400,10,UNIFORMGRID
2.67875934,1.4934988,19034.6777,19.03468,400,15,UNIFORMGRID
2.50406575,2.14778686,37280.2227,37.2802238,400,25,UNIFORMGRID
2.52700043,5.238585,123718.375,123.718445,400,50,UNIFORMGRID
2.517663,9.542644,243429.422,243.429489,400,75,UNIFORMGRID
2.57399273,25.7994652,693572.5,693.572449,400,150,UNIFORMGRID
2.66250372,36.6987419,998999.938,999,400,300,UNIFORMGRID
2.70248842,39.70275,1085288.25,1085.289,400,500,UNIFORMGRID
2.62150717,36.5743828,999000,999,400,1000,UNIFORMGRID
2.65091634,10.9317074,4377.205,4.377204,400,1,QUADTREE
2.60918927,9.252872,4961.45654,4.961455,400,2,QUADTREE
2.47319365,7.168131,5880.02539,5.88002825,400,4,QUADTREE
2.49208784,5.942081,8497.958,8.497956,400,8,QUADTREE
2.58645964,5.197993,14164.1016,14.1641073,400,16,QUADTREE
2.55379367,4.798579,22505.1563,22.5051537,400,32,QUADTREE
2.55958414,5.09879637,46721.88,46.7218781,400,64,QUADTREE
2.53190613,5.73721075,72951.41,72.95144,400,128,QUADTREE
2.54788828,9.823429,189194.391,189.1944,400,256,QUADTREE
2.59586668,12.2094612,256813.6,256.813721,400,512,QUADTREE
2.71129918,40.33646,983096.563,983.0964,400,1024,QUADTREE
0.568748,0.6431043,3442.97339,3.44297338,450,2,UNIFORMGRID
2.493802,1.03759563,8072.221,8.072219,450,5,UNIFORMGRID
2.53648353,1.22635376,12473.9395,12.4739389,450,10,UNIFORMGRID
2.29445386,1.36706567,16016.1631,16.0161686,450,15,UNIFORMGRID
2.30298257,1.90940046,30755.2324,30.7552223,450,25,UNIFORMGRID
2.2235527,4.34656334,99169.17,99.1692352,450,50,UNIFORMGRID
2.23679829,7.92594433,198791.734,198.791748,450,75,UNIFORMGRID
2.392197,23.042963,622701.8,622.7016,450,150,UNIFORMGRID
2.391409,36.5074043,999000.063,999,450,300,UNIFORMGRID
2.439157,44.2447052,1215296.88,1215.29663,450,500,UNIFORMGRID
2.3094306,36.3628273,999000.063,999,450,1000,UNIFORMGRID
2.318097,10.3070517,3863.23486,3.863235,450,1,QUADTREE
2.178697,8.624105,4202.383,4.20238066,450,2,QUADTREE
2.27438283,7.07667255,5502.92432,5.502922,450,4,QUADTREE
2.28621149,5.76725054,7808.232,7.80822563,450,8,QUADTREE
2.24179626,4.955565,13172.877,13.1728773,450,16,QUADTREE
2.22494,4.66195059,21990.2148,21.9902172,450,32,QUADTREE
2.288774,5.042127,46149.72,46.14973,450,64,QUADTREE
2.19639,5.639166,71802.94,71.80291,450,128,QUADTREE
2.14928,10.1928234,201665.734,201.665817,450,256,QUADTREE
2.28149581,12.2730713,260734,260.734131,450,512,QUADTREE
2.311923,40.2093658,983140,983.139954,450,1024,QUADTREE
0.6382838,0.7095957,3990.10864,3.990111,500,2,UNIFORMGRID
2.202183,1.00800693,7396.08447,7.396085,500,5,UNIFORMGRID
2.03754568,1.12035608,10829.58,10.8295813,500,10,UNIFORMGRID
2.10353565,1.26212811,14178.9746,14.1789742,500,15,UNIFORMGRID
2.094729,1.71044159,25826.3672,25.8263721,500,25,UNIFORMGRID
2.056732,3.59586215,79305.46,79.30545,500,50,UNIFORMGRID
2.01663733,6.595118,163251.4,163.251389,500,75,UNIFORMGRID
2.02741,18.0578346,480430.875,480.430939,500,150,UNIFORMGRID
2.04989076,36.4939957,999000.063,999,500,300,UNIFORMGRID
2.05073333,47.37027,1304029.5,1304.02966,500,500,UNIFORMGRID
2.08424783,36.42058,999000.063,999,500,1000,UNIFORMGRID
1.94618034,9.83104,3289.816,3.28981543,500,1,QUADTREE
2.02769613,8.353112,3817.08374,3.817083,500,2,QUADTREE
2.0124557,6.70940542,4887.434,4.88743258,500,4,QUADTREE
1.938554,5.615597,7176.014,7.17601,500,8,QUADTREE
2.0221982,4.888099,12817.4023,12.8174057,500,16,QUADTREE
1.80428636,4.53076363,21005.3418,21.0053425,500,32,QUADTREE
2.06183386,4.92573,42587.3633,42.5873528,500,64,QUADTREE
1.97794962,5.490836,69537.38,69.53737,500,128,QUADTREE
1.96371233,8.886818,166565.484,166.565552,500,256,QUADTREE
1.94351935,11.9909592,254184.3,254.184433,500,512,QUADTREE
2.089147,40.1603165,983659.938,983.6602,500,1024,QUADTREE
0.4424661,0.7042656,2903.80469,2.90380478,550,2,UNIFORMGRID
1.74921942,0.924678564,6581.427,6.581427,550,5,UNIFORMGRID
1.91061831,1.091137,10073.1787,10.0731812,550,10,UNIFORMGRID
1.83637547,1.18198872,12625.5039,12.6255045,550,15,UNIFORMGRID
1.82456148,1.53429723,21480.291,21.4802818,550,25,UNIFORMGRID
1.75170112,3.0838747,65184.5547,65.18453,550,50,UNIFORMGRID
1.70206392,5.576028,134593.578,134.593491,550,75,UNIFORMGRID
1.83667314,16.9828281,451507,451.507019,550,150,UNIFORMGRID
1.78221309,34.9983749,955383.063,955.383,550,300,UNIFORMGRID
1.78076088,36.4176025,999000.1,999,550,500,UNIFORMGRID
1.77051485,36.3389,999000.1,999,550,1000,UNIFORMGRID
1.67975235,9.286,2787.324,2.78732419,550,1,QUADTREE
1.693901,7.78553343,3231.61816,3.231619,550,2,QUADTREE
1.68463027,6.39510155,4358.12451,4.3581233,550,4,QUADTREE
1.79591942,5.43491125,6706.271,6.70627165,550,8,QUADTREE
1.62026513,4.722392,12454.1426,12.4541464,550,16,QUADTREE
1.68562937,4.51574755,20858.6016,20.8586025,550,32,QUADTREE
1.651082,4.979838,46614.81,46.6148224,550,64,QUADTREE
1.77290237,5.46042728,68947.85,68.94783,550,128,QUADTREE
1.73459184,11.13439,230197.578,230.1975,550,256,QUADTREE
1.78523517,12.1512814,258639.875,258.639954,550,512,QUADTREE
1.782692,40.1649437,983196.1,983.1963,550,1024,QUADTREE
0.372404784,0.632829845,2750.13574,2.75013566,600,2,UNIFORMGRID
1.75111449,0.945578754,6315.37354,6.31537056,600,5,UNIFORMGRID
1.66443241,1.03899026,9239.229,9.239233,600,10,UNIFORMGRID
1.66235507,1.13491309,11839.9561,11.8399544,600,15,UNIFORMGRID
1.59436786,1.41573679,18789.207,18.7892132,600,25,UNIFORMGRID
1.6461252,2.77898455,57017.93,57.01792,600,50,UNIFORMGRID
1.55389023,5.01033926,120007.453,120.007469,600,75,UNIFORMGRID
1.56394279,14.2639828,377207.375,377.207275,600,150,UNIFORMGRID
1.65853822,33.3911858,908897.6,908.897644,600,300,UNIFORMGRID
1.65470815,36.7528152,999000.063,999,600,500,UNIFORMGRID
1.60568166,36.34635,999000.1,999,600,1000,UNIFORMGRID
1.49622035,8.756907,2529.418,2.52941775,600,1,QUADTREE
1.60567081,7.632767,3089.3623,3.089363,600,2,QUADTREE
1.51536715,6.19659662,4023.432,4.023433,600,4,QUADTREE
1.51771951,5.32094669,6333.584,6.333584,600,8,QUADTREE
1.52763081,4.69081831,12122.2754,12.1222706,600,16,QUADTREE
1.55531943,4.431874,19994.5137,19.9945126,600,32,QUADTREE
1.52451313,4.873643,44660.3359,44.6603432,600,64,QUADTREE
1.54050374,5.45621634,69164.9844,69.16498,600,128,QUADTREE
1.5809257,10.1281652,202574.7,202.574783,600,256,QUADTREE
1.478328,12.04132,256683.047,256.682983,600,512,QUADTREE
1.59666932,40.2155762,985367.3,985.367554,600,1024,QUADTREE
0.410286456,0.642468333,2725.36987,2.72536969,650,2,UNIFORMGRID
1.61792028,0.921617,5837.33252,5.83733034,650,5,UNIFORMGRID
1.63410366,1.04279482,8798.711,8.798714,650,10,UNIFORMGRID
1.50369906,1.09219849,10659.6465,10.659647,650,15,UNIFORMGRID
1.50372887,1.36823058,16858.2129,16.8582134,650,25,UNIFORMGRID
1.39842975,2.812249,51485.9023,51.4859,650,50,UNIFORMGRID
1.454505,4.47297,102235.438,102.235428,650,75,UNIFORMGRID
1.39608741,12.4624786,327851.969,327.852051,650,150,UNIFORMGRID
1.39699972,28.175848,760524.938,760.5252,650,300,UNIFORMGRID
1.42314517,36.55636,999000.1,999,650,500,UNIFORMGRID
1.39450431,36.53213,999000.063,999,650,1000,UNIFORMGRID
1.32416248,8.37037849,2226.31738,2.22631669,650,1,QUADTREE
1.34532773,7.26404142,2721.35571,2.72135568,650,2,QUADTREE
1.3051337,5.9461627,3770.7124,3.77071238,650,4,QUADTREE
1.30849361,5.14286566,5854.216,5.854215,650,8,QUADTREE
1.34859371,4.59089375,11700.81,11.70081,650,16,QUADTREE
1.36679459,4.42186928,19996.2031,19.9962025,650,32,QUADTREE
1.43523467,4.707052,39922.91,39.9229279,650,64,QUADTREE
1.26229,5.401252,68881.9,68.88191,650,128,QUADTREE
1.42936647,9.821238,194765.6,194.765671,650,256,QUADTREE
1.41460383,11.9612141,253751.781,253.7518,650,512,QUADTREE
1.39762008,40.4444237,988049.938,988.0501,650,1024,QUADTREE
0.304278344,0.629110932,2378.276,2.37827635,700,2,UNIFORMGRID
1.55417073,0.9241173,5548.39551,5.5483923,700,5,UNIFORMGRID
1.36477339,0.97435075,8020.0083,8.020007,700,10,UNIFORMGRID
1.37334919,1.05120885,10120.4795,10.1204834,700,15,UNIFORMGRID
1.28377163,1.24432278,14843.94,14.84394,700,25,UNIFORMGRID
1.284057,2.23615217,42199.8477,42.1998444,700,50,UNIFORMGRID
1.23082876,3.81046319,86550.77,86.55076,700,75,UNIFORMGRID
1.196616,11.1348352,291042.531,291.042542,700,150,UNIFORMGRID
1.28154457,26.0385532,705155.5,705.155762,700,300,UNIFORMGRID
1.239377,36.6578331,999000.1,999,700,500,UNIFORMGRID
1.35430455,36.43626,999000.1,999,700,1000,UNIFORMGRID
1.25054431,8.371476,2161.989,2.16198921,700,1,QUADTREE
1.18775094,7.105093,2511.92627,2.51192665,700,2,QUADTREE
1.20773363,5.9303546,3596.45,3.59645152,700,4,QUADTREE
1.24544179,5.10351,5817.57471,5.817575,700,8,QUADTREE
1.19801581,4.58290434,11430.78,11.4307795,700,16,QUADTREE
1.24761117,4.34110975,19276.4668,19.2764664,700,32,QUADTREE
1.236432,4.79245853,43937.0742,43.93708,700,64,QUADTREE
1.19587111,5.40439463,68472.7656,68.4727859,700,128,QUADTREE
1.24417341,10.5830069,217151.313,217.151291,700,256,QUADTREE
1.22546875,11.797677,251440.875,251.440964,700,512,QUADTREE
1.315531,40.3860855,990277.438,990.2778,700,1024,QUADTREE
0.246510148,0.6490951,2024.28821,2.02428722,750,2,UNIFORMGRID
1.09518611,0.8555556,4961.58252,4.96158361,750,5,UNIFORMGRID
1.26502156,0.956753254,7621.93555,7.62193871,750,10,UNIFORMGRID
1.24844611,1.02139318,9568.226,9.568224,750,15,UNIFORMGRID
1.19137263,1.196831,13902.1494,13.9021511,750,25,UNIFORMGRID
1.12356067,2.05045462,37377.87,37.3778572,750,50,UNIFORMGRID
1.09159529,3.45578551,76823.09,76.82313,750,75,UNIFORMGRID
1.13345551,10.2211008,266141.25,266.141327,750,150,UNIFORMGRID
1.040231,25.2818489,688304.8,688.3046,750,300,UNIFORMGRID
1.14095008,36.3362656,999000.25,999,750,500,UNIFORMGRID
1.1412878,36.53493,1002633.56,1002.6333,750,1000,UNIFORMGRID
1.12192392,8.024726,1898.9928,1.89899325,750,1,QUADTREE
1.10517371,6.97555971,2325.44971,2.32545018,750,2,QUADTREE
1.0738951,5.78096056,3397.73267,3.39773369,750,4,QUADTREE
1.08625734,4.99811029,5596.29248,5.596294,750,8,QUADTREE
1.0663017,4.554219,10711.2236,10.7112265,750,16,QUADTREE
1.11558676,4.338064,19215.4453,19.21544,750,32,QUADTREE
1.07280707,4.67108774,39407.31,39.4073219,750,64,QUADTREE
1.03067935,5.281896,66480.84,66.48085,750,128,QUADTREE
1.11079407,9.921946,196554.672,196.554749,750,256,QUADTREE
1.11431873,11.8873415,253325.828,253.325745,750,512,QUADTREE
1.13537717,40.3275871,989478.6,989.4789,750,1024,QUADTREE
0.257984251,0.6121592,2012.44238,2.012443,800,2,UNIFORMGRID
1.13647521,0.871456,4804.90625,4.80490446,800,5,UNIFORMGRID
1.12185621,0.9262391,7113.44,7.11343956,800,10,UNIFORMGRID
1.17705631,0.9940793,9020.724,9.02072,800,15,UNIFORMGRID
1.0748651,1.14870465,13047.4033,13.0474024,800,25,UNIFORMGRID
1.02301669,1.91427422,33797.6836,33.7977028,800,50,UNIFORMGRID
0.977464855,3.14049029,68488.75,68.48872,800,75,UNIFORMGRID
1.05557573,9.159685,236813.859,236.813782,800,150,UNIFORMGRID
1.04616165,23.9269218,648635.25,648.635559,800,300,UNIFORMGRID
1.06730723,36.3898468,999000.25,999,800,500,UNIFORMGRID
1.04736841,39.29126,1082329.5,1082.32971,800,1000,UNIFORMGRID
0.9937068,7.76846743,1765.1449,1.765145,800,1,QUADTREE
0.9588941,6.708945,2107.71582,2.10771561,800,2,QUADTREE
0.9375989,5.707246,3201.5625,3.20156264,800,4,QUADTREE
0.9875672,4.99265766,5377.777,5.37777567,800,8,QUADTREE
1.01949179,4.497041,10904.8867,10.9048862,800,16,QUADTREE
0.9840745,4.2965703,18948.7949,18.9488049,800,32,QUADTREE
0.966213346,4.77478456,44988.63,44.9886246,800,64,QUADTREE
0.9748549,5.273852,66543.33,66.5433044,800,128,QUADTREE
1.02025843,9.789027,194629.047,194.628967,800,256,QUADTREE
0.9966926,11.8756943,253654.7,253.6547,800,512,QUADTREE
1.07971561,40.4278679,991430.938,991.4312,800,1024,QUADTREE
0.3966631,0.669289052,2327.25122,2.3272512,850,2,UNIFORMGRID
1.041781,0.836183,4445.10938,4.44510937,850,5,UNIFORMGRID
1.09479129,0.9180212,6733.60156,6.73360062,850,10,UNIFORMGRID
1.05757511,0.9708962,8489.774,8.489777,850,15,UNIFORMGRID
1.035861,1.0986166,11890.2939,11.8902912,850,25,UNIFORMGRID
0.9050471,1.75902474,29322.4,29.3224,850,50,UNIFORMGRID
0.901220739,2.91642785,62287.07,62.2870865,850,75,UNIFORMGRID
0.9407999,8.620046,221346.063,221.346115,850,150,UNIFORMGRID
0.9745814,23.8457661,648053.4,648.0532,850,300,UNIFORMGRID
0.931575656,36.6150246,999000.2,999,850,500,UNIFORMGRID
0.9909688,41.7522049,1154267.25,1154.26721,850,1000,UNIFORMGRID
0.9264314,7.657018,1666.48767,1.66648746,850,1,QUADTREE
0.847203434,6.556323,1977.39319,1.97739339,850,2,QUADTREE
0.8766073,5.610261,3074.98047,3.07498,850,4,QUADTREE
0.8967596,4.9177103,5190.114,5.19011545,850,8,QUADTREE
0.925218761,4.483485,11141.24,11.141243,850,16,QUADTREE
0.8748152,4.25457573,18565.6777,18.5656738,850,32,QUADTREE
0.8644795,4.65943861,40748.53,40.7485428,850,64,QUADTREE
0.89945817,5.26748,66658.31,66.6583557,850,128,QUADTREE
0.8611907,8.354855,155540.719,155.540665,850,256,QUADTREE
0.950267434,11.8001366,252022.344,252.022324,850,512,QUADTREE
0.960803,41.06195,990411.1,990.411255,850,1024,QUADTREE
0.253088146,0.671647,1855.44421,1.85544431,900,2,UNIFORMGRID
0.981637359,0.8325841,4253.037,4.253037,900,5,UNIFORMGRID
0.9447981,0.8840505,6313.05273,6.31305361,900,10,UNIFORMGRID
0.983627,0.950446963,8138.24854,8.138248,900,15,UNIFORMGRID
0.9506823,1.07524979,11444.4316,11.4444332,900,25,UNIFORMGRID
0.798766732,1.6339246,26149.52,26.1495113,900,50,UNIFORMGRID
0.840515733,2.650404,54896.9453,54.896946,900,75,UNIFORMGRID
0.8254298,7.62309742,192987.859,192.9878,900,150,UNIFORMGRID
0.8649163,21.1871319,572225,572.225037,900,300,UNIFORMGRID
0.8776286,35.6578,969158.6,969.1585,900,500,UNIFORMGRID
0.8676777,45.5095634,1256301.5,1256.302,900,1000,UNIFORMGRID
0.8321514,7.536136,1520.23938,1.52023971,900,1,QUADTREE
0.853885055,6.578354,1960.223,1.96022344,900,2,QUADTREE
0.7924248,5.48271036,3034.758,3.03475833,900,4,QUADTREE
0.806844234,4.850418,5295.876,5.295878,900,8,QUADTREE
0.846197,4.45279264,10687.1221,10.6871252,900,16,QUADTREE
0.869350851,4.21040964,17918.6426,17.9186459,900,32,QUADTREE
0.81484,4.77692032,45459.1563,45.4591522,900,64,QUADTREE
0.83436954,5.253591,66372.63,66.3726044,900,128,QUADTREE
0.8592263,11.0384588,229527.4,229.527374,900,256,QUADTREE
0.8862306,11.8360138,252872.453,252.872421,900,512,QUADTREE
0.808236539,40.373024,990261.4,990.261658,900,1024,QUADTREE
0.203215346,0.636054158,1706.16406,1.7061646,950,2,UNIFORMGRID
0.8409476,0.825059235,3954.18286,3.95418119,950,5,UNIFORMGRID
0.8954137,0.8674085,6027.008,6.02700758,950,10,UNIFORMGRID
0.803369462,0.918157339,7537.95557,7.537956,950,15,UNIFORMGRID
0.7965211,1.04005384,10682.4658,10.6824713,950,25,UNIFORMGRID
0.8723633,1.60641444,24980.4883,24.9804974,950,50,UNIFORMGRID
0.8110822,2.48060131,50150.89,50.15087,950,75,UNIFORMGRID
0.799881637,6.761773,170508.453,170.508545,950,150,UNIFORMGRID
0.7687583,18.9192562,510415.375,510.41507,950,300,UNIFORMGRID
0.677878737,37.6799126,922549.438,922.549744,950,500,UNIFORMGRID
0.8208099,45.3474,1253700,1253.7,950,1000,UNIFORMGRID
0.713467,7.310747,1387.23181,1.38723159,950,1,QUADTREE
0.693343163,6.360547,1741.94336,1.74194252,950,2,QUADTREE
0.777732253,5.532283,2957.7,2.95770025,950,4,QUADTREE
0.73245,4.829478,5053.61572,5.05361843,950,8,QUADTREE
0.7443508,4.411322,10232.5635,10.2325611,950,16,QUADTREE
0.748338461,4.215589,18189.0156,18.1890049,950,32,QUADTREE
0.704903841,4.64180136,40886.68,40.886692,950,64,QUADTREE
0.781303465,5.26812124,66671.58,66.67152,950,128,QUADTREE
0.766504049,10.37468,211978.672,211.978653,950,256,QUADTREE
0.7120603,11.8025551,252748.609,252.74852,950,512,QUADTREE
0.761977,40.30314,988293.6,988.2938,950,1024,QUADTREE
0.17047812,0.6215627,1584.89209,1.5848918,1000,2,UNIFORMGRID
0.8415121,0.832434535,3725.577,3.725577,1000,5,UNIFORMGRID
0.874774933,0.8639761,5772.17725,5.772175,1000,10,UNIFORMGRID
0.832933843,0.916150153,7488.541,7.48854256,1000,15,UNIFORMGRID
0.805084646,1.01382387,10269.5381,10.2695379,1000,25,UNIFORMGRID
0.781703234,1.52677178,23404.6719,23.404665,1000,50,UNIFORMGRID
0.7710026,2.292505,45082.3633,45.0823555,1000,75,UNIFORMGRID
0.676784039,6.314785,158235.063,158.235,1000,150,UNIFORMGRID
0.7418069,18.1620216,490391.7,490.3914,1000,300,UNIFORMGRID
0.7518082,32.60353,894672.5,894.6727,1000,500,UNIFORMGRID
0.7896332,46.2535934,1279140.5,1279.14087,1000,1000,UNIFORMGRID
0.6597688,7.17321539,1270.57935,1.27057886,1000,1,QUADTREE
0.7313688,6.38278151,1736.216,1.73621559,1000,2,QUADTREE
0.695025563,5.441691,2784.49048,2.78448987,1000,4,QUADTREE
0.721173048,4.80509949,4976.06934,4.97607,1000,8,QUADTREE
0.5878686,4.373207,10510.11,10.5101166,1000,16,QUADTREE
0.6829725,4.18325567,17876.1719,17.8761711,1000,32,QUADTREE
0.702186763,4.574101,38449,38.4490051,1000,64,QUADTREE
0.6880477,5.242727,66395.09,66.39509,1000,128,QUADTREE
0.6021041,9.479414,186617.484,186.617477,1000,256,QUADTREE
0.6375582,11.8188009,253611.984,253.612,1000,512,QUADTREE
0.688030541,40.3507347,991023.4,991.023743,1000,1024,QUADTREE
